"Effective February 1, 2025",,
,,
,Part ID,LIST PRICE
,634,$83.00 
,641,$120.00 
,135613,"$1,015.00 "
,147384,$707.00 
,147435,$621.00 
,190101,"$1,015.00 "
,611214,$342.00 
,611222,$384.00 
,611227,$547.00 
,611233,$657.00 
,611240,$759.00 
,711218,$382.00 
,711222,$405.00 
,711228,$536.00 
,711232,$538.00 
,711234,$605.00 
,711240,$758.00 
,1.5XHECC,$307.00 
,100069,$211.00 
,100070,$214.00 
,100072,$284.00 
,101872,$242.00 
,101873,$262.00 
,101874,$278.00 
,101875,$292.00 
,101876,$306.00 
,101877,$316.00 
,101878,$321.00 
,101879,$418.00 
,101880,$429.00 
,101881,$483.00 
,101882,$215.00 
,104120,$243.00 
,104150,$243.00 
,104304,$296.00 
,104421,$296.00 
,104501,$320.00 
,104550,$185.00 
,104551,$207.00 
,104552,$220.00 
,104553,$234.00 
,104554,$258.00 
,104555,$281.00 
,104556,$300.00 
,104557,$310.00 
,104558,$401.00 
,104559,$412.00 
,104571,$464.00 
,104630,$260.00 
,104631,$260.00 
,104633,$278.00 
,104634,$282.00 
,104635,$296.00 
,104636,$333.00 
,104637,$340.00 
,104638,$272.00 
,104639,$300.00 
,104640,$342.00 
,104643,$351.00 
,104644,$377.00 
,104645,$377.00 
,104646,$394.00 
,104647,$432.00 
,104648,$464.00 
,104649,$493.00 
,104650,$564.00 
,104651,$557.00 
,104652,$604.00 
,104653,$712.00 
,104656,$212.00 
,104657,$215.00 
,104658,$220.00 
,104659,$242.00 
,104660,$242.00 
,104661,$275.00 
,104662,$281.00 
,104663,$282.00 
,104664,$296.00 
,104665,$306.00 
,104666,$321.00 
,104669,$225.00 
,104670,$230.00 
,104671,$232.00 
,104672,$257.00 
,104673,$258.00 
,104674,$259.00 
,104675,$373.00 
,104676,$375.00 
,104677,$380.00 
,104678,$384.00 
,104679,$387.00 
,104682,$712.00 
,104683,$717.00 
,104684,$718.00 
,104685,$733.00 
,104686,$734.00 
,104687,$735.00 
,104688,$737.00 
,104689,$759.00 
,104690,$764.00 
,104691,$769.00 
,104692,$770.00 
,147594,$103 
,147595,$56 
,147596,$56 
,147597,$56 
,147599,$111 
,147600,$111 
,1XHECC,$307.00 
,2401.0808D,$180.00 
,2401.0808U,$180.00 
,2401.1515D,$235.00 
,2401.1515U,$235.00 
,2401.2121D,$295.00 
,2401.2121U,$295.00 
,2401.2727D,$340.00 
,2401.2727U,$340.00 
,2401.3434D,$403.00 
,2401.3434U,$403.00 
,2401.M0808D,$425.00 
,2401.M0808U,$403.00 
,2401.M1515D,$483.00 
,2401.M1515U,$489.00 
,2401.M2121D,$563.00 
,2401.M2121U,$525.00 
,2401.M2727D,$597.00 
,2401.M2727U,$564.00 
,2401.M3434D,$694.00 
,2401.M3434U,$653.00 
,2502.1,$82.00 
,2503.2,$137.00 
,2503.3,$322.00 
,2503.3R,$605.00 
,2525.5UL,$44.00 
,2727.1,$82.00 
,2828.1,$183.00 
,2XHECC,$307.00 
,304SS12,$351.00 
,304SS16,$411.00 
,304SS20,$492.00 
,304SS24,$587.00 
,304SS30,$702.00 
,304SS36,$851.00 
,3232.1,$165.00 
,400248,$60.00 
,400249,$65.00 
,400250,$71.00 
,400252,$105.00 
,400276,$75.00 
,400277,$105.00 
,400278,$106.00 
,400555,$87.00 
,400557,$89.00 
,400559,$108.00 
,411008,$49.00 
,411009,$52.00 
,411010,$52.00 
,411011,$53.00 
,411012,$53.00 
,411014,$70.00 
,411016,$71.00 
,411018,$78.00 
,411019,$86.00 
,411020,$97.00 
,411022,$113.00 
,411024,$124.00 
,411026,$143.00 
,411028,$147.00 
,411030,$150.00 
,411611,$282.00 
,441,$187.00 
,502010,$67.00 
,502012,$72.00 
,502016,$94.00 
,502020,$111.00 
,502024,$131.00 
,5211370900,$141.00 
,5211371100,$197.00 
,5211371200,$269.00 
,5211371300,$336.00 
,5211372100,$167.00 
,5520.8.20KDS,$294.00 
,5520.8.24KDS,$333.00 
,5520.8.30KDS,$380.00 
,5520.8.36KDS,$394.00 
,5520.8.42KDS,$483.00 
,5520.8.48KDS,$669.00 
,5520.8.54KDS,"$1,050.00 "
,5520.8.60KDS,"$1,398.00 "
,5521.5.20RHS,$140.00 
,5521.5.24RHS,$142.00 
,5521.5.30RHS,$144.00 
,5521.5.36RHS,$146.00 
,5521.5.42RHS,$180.00 
,5521.5.48RHS,$185.00 
,5521.5.54RHS,$449.00 
,5521.5.60RHS,$451.00 
,556012,$93.00 
,556016,$114.00 
,556020,$138.00 
,556024,$160.00 
,556030,$192.00 
,556036,$257.00 
,556042,$373.00 
,556048,$436.00 
,6002,"$1,419.00 "
,6002-14A,"$2,133.00 "
,6002-14B,"$2,133.00 "
,6002-A,"$1,419.00 "
,611034,$175.00 
,611035,$175.00 
,611036,$175.00 
,611040,$227.00 
,611048,$285.00 
,642,$48.00 
,643,$163.00 
,708971,$137.00 
,708971W,$137.00 
,711216,$329.00 
,721816V,$396.00 
,721818V,$401.00 
,721822V,$426.00 
,721828V,$498.00 
,721834V,$542.00 
,722416V,$540.00 
,722418V,$542.00 
,7520.8.20KDS,$418.00 
,7520.8.24KDS,$501.00 
,7520.8.30KDS,$721.00 
,7520.8.36KDS,$885.00 
,7520.8.42KDS,$988.00 
,7520.8.48KDS,"$1,108.00 "
,7520.8.54KDS,"$1,424.00 "
,7520.8.60KDS,"$1,797.00 "
,7521.5.20RHS,$140.00 
,7521.5.24RHS,$160.00 
,7521.5.30RHS,$173.00 
,7521.5.36RHS,$182.00 
,7521.5.42RHS,$183.00 
,7521.5.48RHS,$185.00 
,7521.5.54RHS,$449.00 
,7521.5.60RHS,$451.00 
,90005891-A,$142.00 
,90005891-B,$142.00 
,90005891BVS,$200.00 
,90012002R,$170.00 
,90012002R1,$170.00 
,92612221,$402.00 
,93012221,$423.00 
,961L,$13.00 
,982L,$17.00 
,990076,$188.00 
,990080,$18.00 
,990083,$22.00 
,990084,$216.00 
,990091,$192.00 
,990229,$20.00 
,990230,$196.00 
,990300,$42.00 
,990301,$77.00 
,990303,$49.00 
,990447,$81.00 
,990661,$46.00 
,990756,$93.00 
,990757,$96.00 
,990759,$161.00 
,990761,$278.00 
,990762,$291.00 
,990764,$485.00 
,990766,$620.00 
,990767,$646.00 
,990769,"$1,079.00 "
,990771,$79.00 
,990772,$236.00 
,990773,$532.00 
,ACD12,$918.00 
,ACD16,"$1,119.00 "
,ACD20,"$1,193.00 "
,ACD24,"$1,285.00 "
,ACD30,"$1,755.00 "
,ACD36,"$1,993.00 "
,ACD42,"$2,028.00 "
,ACD48,"$2,542.00 "
,ACF48SL3D,"$1,396.00 "
,ACF48WHSL3D,"$2,132.00 "
,ACL18,$793.00 
,ACL18-F,$797.00 
,ACL24,"$1,015.00 "
,ACL24-F,"$1,029.00 "
,ACL30,"$1,325.00 "
,ACL30-F,"$1,344.00 "
,ACL36,"$1,517.00 "
,ACL36-F,"$1,540.00 "
,ACL48,"$2,390.00 "
,ACL48-F,"$2,434.00 "
,ACOP-V100,$14.00 
,ACOP-V125,$16.00 
,ACOP-V150,$19.00 
,ACOP-V200,$23.00 
,ACOP-V250,$28.00 
,ACOP-V315,$33.00 
,ADL10X4,$118.00 
,ADL12X12,$175.00 
,ADL16X16,$225.00 
,ADL16X8,$148.00 
,ADL20X10,$195.00 
,ADL20X20,$312.00 
,ADL24X12,$235.00 
,ADL24X24,$407.00 
,AFL18,$283.00 
,AFL24,$412.00 
,AFL30,$548.00 
,AFL36,$684.00 
,AFL48,"$1,067.00 "
,AMD12,$712.00 
,AMD16,$798.00 
,AMD20,$849.00 
,AMD24,$938.00 
,AMD30,"$1,438.00 "
,AMD36,"$1,643.00 "
,AMD42,"$1,921.00 "
,AMD48,"$2,081.00 "
,ARE12MH1AS,"$1,280.00 "
,ARE12MH1CS,"$1,280.00 "
,ARE12MM1AS,"$1,255.00 "
,ARE12MM1CS,"$1,255.00 "
,ARE16MM1AS,"$1,460.00 "
,ARE16MM1CS,"$1,460.00 "
,ARE16PH1AS,"$1,512.00 "
,ARE16PH1CS,"$1,512.00 "
,ARE20MM1AS,"$1,911.00 "
,ARE20MM1CS,"$1,911.00 "
,ARS12MH1AS,"$1,280.00 "
,ARS12MH1CS,"$1,280.00 "
,ARS12MM1AS,"$1,255.00 "
,ARS12MM1CS,"$1,255.00 "
,ARS16MM1AS,"$1,460.00 "
,ARS16MM1CS,"$1,460.00 "
,ARS16PH1AS,"$1,512.00 "
,ARS16PH1CS,"$1,512.00 "
,ARS20MM1AS,"$1,911.00 "
,ARS20MM1CS,"$1,911.00 "
,BD10,$71.00 
,BD12,$75.00 
,BD6,$40.00 
,BD8,$49.00 
,BOC100,$42.00 
,BOC125,$46.00 
,BOC150,$59.00 
,BOC200,$82.00 
,BOR-100,$37.00 
,BOR-125,$39.00 
,BOR-150,$42.00 
,BOR-200,$48.00 
,CAR100,$12.00 
,CAR125,$15.00 
,CAR150,$16.00 
,CAR175,$17.00 
,CAR200,$18.00 
,CAR250,$24.00 
,CAR315,$32.00 
,CAR355,$43.00 
,CAR400,$52.00 
,CCA1816,$167.00 
,CCA2024,$175.00 
,CM10MH1RS,"$2,917.00 "
,CM10MH1US,"$2,917.00 "
,CM10MH3RS,"$2,917.00 "
,CM10MH3US,"$2,917.00 "
,CM10ML1RS,"$2,917.00 "
,CM10ML1US,"$2,917.00 "
,CM10ML3RS,"$2,917.00 "
,CM10ML3US,"$2,917.00 "
,CM10PH1RS,"$2,915.00 "
,CM10PH1US,"$2,915.00 "
,CM10PH3RS,"$2,915.00 "
,CM10PH3US,"$2,915.00 "
,CM10QH1RS,"$2,980.00 "
,CM10QH1US,"$2,980.00 "
,CM10QH3RS,"$2,980.00 "
,CM10QH3US,"$2,980.00 "
,CM10RH1RS,"$3,000.00 "
,CM10RH1US,"$3,000.00 "
,CM10RH3RS,"$3,000.00 "
,CM10RH3US,"$3,000.00 "
,CM12MH1RS,"$3,580.00 "
,CM12MH1US,"$3,580.00 "
,CM12MH3RS,"$3,580.00 "
,CM12MH3US,"$3,580.00 "
,CM12PH1RS,"$3,552.00 "
,CM12PH1US,"$3,552.00 "
,CM12PH3RS,"$3,552.00 "
,CM12PH3US,"$3,552.00 "
,CM12QH1RS,"$3,667.00 "
,CM12QH1US,"$3,667.00 "
,CM12QH3RS,"$3,667.00 "
,CM12QH3US,"$3,667.00 "
,CM12RH1RS,"$3,650.00 "
,CM12RH1US,"$3,650.00 "
,CM12RH3RS,"$3,650.00 "
,CM12RH3US,"$3,650.00 "
,CM12SH1RS,"$3,677.00 "
,CM12SH1US,"$3,677.00 "
,CM12SH3RS,"$3,677.00 "
,CM12SH3US,"$3,677.00 "
,CM12TH1RS,"$3,700.00 "
,CM12TH1US,"$3,700.00 "
,CM12TH3RS,"$3,700.00 "
,CM12TH3US,"$3,700.00 "
,CM12VH1RS,"$3,800.00 "
,CM12VH1US,"$3,800.00 "
,CM12VH3RS,"$3,800.00 "
,CM12VH3US,"$3,800.00 "
,CM14MH1RS,"$2,920.00 "
,CM14MH1US,"$2,920.00 "
,CM14MH3RS,"$2,920.00 "
,CM14MH3US,"$2,920.00 "
,CM14PH1RS,"$2,901.00 "
,CM14PH1US,"$2,901.00 "
,CM14PH3RS,"$2,901.00 "
,CM14PH3US,"$2,901.00 "
,CM14QH1RS,"$3,000.00 "
,CM14QH1US,"$3,000.00 "
,CM14QH3RS,"$3,000.00 "
,CM14QH3US,"$3,000.00 "
,CM14RH1RS,"$3,075.00 "
,CM14RH1US,"$3,075.00 "
,CM14RH3RS,"$3,075.00 "
,CM14RH3US,"$3,075.00 "
,CM14SH1RS,"$3,048.00 "
,CM14SH1US,"$3,048.00 "
,CM14SH3RS,"$3,048.00 "
,CM14SH3US,"$3,048.00 "
,CM14TH1RS,"$3,180.00 "
,CM14TH1US,"$3,180.00 "
,CM14TH3RS,"$3,180.00 "
,CM14TH3US,"$3,180.00 "
,CM14VH1RS,"$3,360.00 "
,CM14VH1US,"$3,360.00 "
,CM14VH3RS,"$3,360.00 "
,CM14VH3US,"$3,360.00 "
,CM14WH3RS,"$3,890.00 "
,CM14WH3US,"$3,890.00 "
,CM16MH1RS,"$3,018.00 "
,CM16MH1US,"$3,018.00 "
,CM16MH3RS,"$3,018.00 "
,CM16MH3US,"$3,018.00 "
,CM16PH1RS,"$3,001.00 "
,CM16PH1US,"$3,001.00 "
,CM16PH3RS,"$3,001.00 "
,CM16PH3US,"$3,001.00 "
,CM16QH1RS,"$3,075.00 "
,CM16QH1US,"$3,075.00 "
,CM16QH3RS,"$3,075.00 "
,CM16QH3US,"$3,075.00 "
,CM16RH1RS,"$3,145.00 "
,CM16RH1US,"$3,145.00 "
,CM16RH3RS,"$3,145.00 "
,CM16RH3US,"$3,145.00 "
,CM16SH1RS,"$3,105.00 "
,CM16SH1US,"$3,105.00 "
,CM16SH3RS,"$3,105.00 "
,CM16SH3US,"$3,105.00 "
,CM16TH1RS,"$3,236.00 "
,CM16TH1US,"$3,236.00 "
,CM16TH3RS,"$3,236.00 "
,CM16TH3US,"$3,236.00 "
,CM16VH1RS,"$3,430.00 "
,CM16VH1US,"$3,430.00 "
,CM16VH3RS,"$3,430.00 "
,CM16VH3US,"$3,430.00 "
,CM16WH3RS,"$3,900.00 "
,CM16WH3US,"$3,900.00 "
,CM18MH3RS,"$3,694.00 "
,CM18MH3US,"$3,694.00 "
,CM18PH1RS,"$3,644.00 "
,CM18PH1US,"$3,644.00 "
,CM18PH3RS,"$3,644.00 "
,CM18PH3US,"$3,644.00 "
,CM18QH1RS,"$3,735.00 "
,CM18QH1US,"$3,735.00 "
,CM18QH3RS,"$3,735.00 "
,CM18QH3US,"$3,735.00 "
,CM18RH1RS,"$3,817.00 "
,CM18RH1US,"$3,817.00 "
,CM18RH3RS,"$3,817.00 "
,CM18RH3US,"$3,817.00 "
,CM18SH1RS,"$3,792.00 "
,CM18SH1US,"$3,792.00 "
,CM18SH3RS,"$3,792.00 "
,CM18SH3US,"$3,792.00 "
,CM18TH1RS,"$3,891.00 "
,CM18TH1US,"$3,891.00 "
,CM18TH3RS,"$3,891.00 "
,CM18TH3US,"$3,891.00 "
,CM18VH1RS,"$4,134.00 "
,CM18VH1US,"$4,134.00 "
,CM18VH3RS,"$4,134.00 "
,CM18VH3US,"$4,134.00 "
,CM18WH3RS,"$4,724.00 "
,CM18WH3US,"$4,724.00 "
,CM18XH3RS,"$4,700.00 "
,CM18XH3US,"$4,700.00 "
,CM20PH1RS,"$4,175.00 "
,CM20PH1US,"$4,175.00 "
,CM20PH3RS,"$4,175.00 "
,CM20PH3US,"$4,175.00 "
,CM20QH1RS,"$4,245.00 "
,CM20QH1US,"$4,245.00 "
,CM20QH3RS,"$4,245.00 "
,CM20QH3US,"$4,245.00 "
,CM20RH1RS,"$4,313.00 "
,CM20RH1US,"$4,313.00 "
,CM20RH3RS,"$4,313.00 "
,CM20RH3US,"$4,313.00 "
,CM20SH1RS,"$4,268.00 "
,CM20SH1US,"$4,268.00 "
,CM20SH3RS,"$4,268.00 "
,CM20SH3US,"$4,268.00 "
,CM20TH1RS,"$4,370.00 "
,CM20TH1US,"$4,370.00 "
,CM20TH3RS,"$4,370.00 "
,CM20TH3US,"$4,370.00 "
,CM20VH1RS,"$4,900.00 "
,CM20VH1US,"$4,900.00 "
,CM20VH3RS,"$4,900.00 "
,CM20VH3US,"$4,900.00 "
,CM20WH3RS,"$5,200.00 "
,CM20WH3US,"$5,200.00 "
,CM20XH3RS,"$5,200.00 "
,CM20XH3US,"$5,200.00 "
,CM22PH1RS,"$4,442.00 "
,CM22PH1US,"$4,442.00 "
,CM22PH3RS,"$4,442.00 "
,CM22PH3US,"$4,442.00 "
,CM22QH1RS,"$4,526.00 "
,CM22QH1US,"$4,526.00 "
,CM22QH3RS,"$4,526.00 "
,CM22QH3US,"$4,526.00 "
,CM22RH1RS,"$4,611.00 "
,CM22RH1US,"$4,611.00 "
,CM22RH3RS,"$4,611.00 "
,CM22RH3US,"$4,611.00 "
,CM22SH1RS,"$4,562.00 "
,CM22SH1US,"$4,562.00 "
,CM22SH3RS,"$4,562.00 "
,CM22SH3US,"$4,562.00 "
,CM22TH1RS,"$4,678.00 "
,CM22TH1US,"$4,678.00 "
,CM22TH3RS,"$4,678.00 "
,CM22TH3US,"$4,678.00 "
,CM22VH1RS,"$4,847.00 "
,CM22VH1US,"$4,847.00 "
,CM22VH3RS,"$4,847.00 "
,CM22VH3US,"$4,847.00 "
,CM22WH3RS,"$5,248.00 "
,CM22WH3US,"$5,248.00 "
,CM22XH3RS,"$5,538.00 "
,CM22XH3US,"$5,538.00 "
,CM22YH3RS,"$6,310.00 "
,CM22YH3US,"$6,310.00 "
,CM24QH3RS,"$5,142.00 "
,CM24QH3US,"$5,142.00 "
,CM24RH3RS,"$5,188.00 "
,CM24RH3US,"$5,188.00 "
,CM24SH1RS,"$5,182.00 "
,CM24SH1US,"$5,182.00 "
,CM24SH3RS,"$5,182.00 "
,CM24SH3US,"$5,182.00 "
,CM24TH1RS,"$5,278.00 "
,CM24TH1US,"$5,278.00 "
,CM24TH3RS,"$5,278.00 "
,CM24TH3US,"$5,278.00 "
,CM24VH1RS,"$5,421.00 "
,CM24VH1US,"$5,421.00 "
,CM24VH3RS,"$5,421.00 "
,CM24VH3US,"$5,421.00 "
,CM24WH3RS,"$5,722.00 "
,CM24WH3US,"$5,722.00 "
,CM24XH3RS,"$6,088.00 "
,CM24XH3US,"$6,088.00 "
,CM24YH3RS,"$6,787.00 "
,CM24YH3US,"$6,787.00 "
,CM24ZH3RS,"$7,000.00 "
,CM24ZH3US,"$7,000.00 "
,CM27QH3RS,"$5,695.00 "
,CM27QH3US,"$5,695.00 "
,CM27RH3RS,"$5,667.00 "
,CM27RH3US,"$5,667.00 "
,CM27SH1RS,"$5,638.00 "
,CM27SH1US,"$5,638.00 "
,CM27SH3RS,"$5,638.00 "
,CM27SH3US,"$5,638.00 "
,CM27TH1RS,"$5,748.00 "
,CM27TH1US,"$5,748.00 "
,CM27TH3RS,"$5,748.00 "
,CM27TH3US,"$5,748.00 "
,CM27VH1RS,"$5,881.00 "
,CM27VH1US,"$5,881.00 "
,CM27VH3RS,"$5,881.00 "
,CM27VH3US,"$5,881.00 "
,CM27WH3RS,"$6,181.00 "
,CM27WH3US,"$6,181.00 "
,CM27XH3RS,"$6,430.00 "
,CM27XH3US,"$6,430.00 "
,CM27YH3RS,"$7,122.00 "
,CM27YH3US,"$7,122.00 "
,CM27ZH3RS,"$7,500.00 "
,CM27ZH3US,"$7,500.00 "
,CM30RH3RS,"$7,325.00 "
,CM30RH3US,"$7,325.00 "
,CM30SH3RS,"$6,809.00 "
,CM30SH3US,"$6,809.00 "
,CM30TH1RS,"$6,818.00 "
,CM30TH1US,"$6,818.00 "
,CM30TH3RS,"$6,818.00 "
,CM30TH3US,"$6,818.00 "
,CM30VH1RS,"$6,890.00 "
,CM30VH1US,"$6,890.00 "
,CM30VH3RS,"$6,890.00 "
,CM30VH3US,"$6,890.00 "
,CM30WH3RS,"$7,500.00 "
,CM30WH3US,"$7,500.00 "
,CM30XH3RS,"$7,711.00 "
,CM30XH3US,"$7,711.00 "
,CM30YH3RS,"$8,133.00 "
,CM30YH3US,"$8,133.00 "
,CM30ZH3RS,"$8,000.00 "
,CM30ZH3US,"$8,000.00 "
,CM36SH3RS,"$10,518.00 "
,CM36SH3US,"$10,518.00 "
,CM36TH3RS,"$10,101.00 "
,CM36TH3US,"$10,101.00 "
,CM36VH1RS,"$10,570.00 "
,CM36VH1US,"$10,570.00 "
,CM36VH3RS,"$10,570.00 "
,CM36VH3US,"$10,570.00 "
,CM36WH3RS,"$11,100.00 "
,CM36WH3US,"$11,100.00 "
,CM36XH3RS,"$10,745.00 "
,CM36XH3US,"$10,745.00 "
,CM36YH3RS,"$11,567.00 "
,CM36YH3US,"$11,567.00 "
,CM36ZH3RS,"$12,000.00 "
,CM36ZH3US,"$12,000.00 "
,CS-325,$96.00 
,CWD07HH1AS,$916.00 
,CWD09MH1AS,"$1,286.00 "
,CWD09MH1CS,"$1,321.00 "
,CWD09MM1AS,"$1,361.00 "
,CWD09MM1CS,"$1,401.00 "
,CWD10PH1AS,"$1,380.00 "
,CWD10PH1CS,"$1,419.00 "
,CWD12MM1AS,"$1,556.00 "
,CWD12MM1CS,"$1,706.00 "
,CWD14QM1AS,"$2,070.00 "
,CWD14QM1CS,"$2,124.00 "
,DBF-100XC,$372.00 
,DC-4,$14.00 
,DC-6,$13.00 
,DFL18,$393.00 
,DFL18-F,$462.00 
,DFL24,$497.00 
,DFL24-F,$568.00 
,DFL30,$661.00 
,DFL30-F,$741.00 
,DFL36,$826.00 
,DFL36-F,$927.00 
,DFL48,"$1,265.00 "
,DFL48-F,"$1,380.00 "
,DH6-120V,$777.00 
,EAS12,$108.00 
,EAS1232MTR,$284.00 
,EAS12-RF,$108.00 
,EAS16,$130.00 
,EAS16-RF,$140.00 
,EAS20,$192.00 
,EAS20-RF,$162.00 
,EAS24-RF,$199.00 
,EAS26,$215.00 
,EAS30-RF,$230.00 
,EAS32,$260.00 
,EAS36-RF,$309.00 
,EAS38,$354.00 
,EAS3850MTR,$374.00 
,EAS42-RF,$452.00 
,EAS44,$490.00 
,EAS50,$563.00 
,EASB36,$288.00 
,EASB39,$333.00 
,EASB51,$512.00 
,EASB54,$542.00 
,EAS-HDGS12,$158.00 
,EAS-HDGS16,$209.00 
,EAS-HDGS20,$257.00 
,EAS-HDGS24,$312.00 
,EAS-HDGS30,$378.00 
,EAS-HDGS36,$497.00 
,EAS-HDGS42,$762.00 
,EAS-HDGS48,$898.00 
,EASW36,$288.00 
,EASW39,$333.00 
,EASW51,$512.00 
,EASW54,$542.00 
,EPBT-60,$101.00 
,ES24V,$111.00 
,FA10-G,$97.00 
,FA10-P,$97.00 
,FA12-G,$104.00 
,FA12-P,$104.00 
,FA8-G,$85.00 
,FA8-P,$85.00 
,FB4,$94.00 
,FB5,$94.00 
,FB6,$94.00 
,FGS12,$204.00 
,FGS16,$259.00 
,FGS20,$305.00 
,FGS24,$366.00 
,FGS30,$428.00 
,FGS36,$565.00 
,FGS42,$846.00 
,FGS48,$977.00 
,FLTD-60,$283.00 
,FT247,$96.00 
,FT622,$186.00 
,G102,$154.00 
,GED10JH1AS,$576.00 
,GED12JH1AS,$577.00 
,GED12MH1AS,$635.00 
,GED14MH1AS,$669.00 
,GED14QH1AS,$766.00 
,GED16MM1AS,$725.00 
,GED16PH1AS,$856.00 
,GED18MH1AS,$799.00 
,GED18MM1AS,$769.00 
,GED18QH1AS,$900.00 
,GED20MM1AS,$864.00 
,GED20QH1AS,$912.00 
,GFL18,$268.00 
,GFL24,$373.00 
,GFL30,$496.00 
,GFL36,$619.00 
,GFL48,$952.00 
,GMD12,$618.00 
,GMD16,$627.00 
,GMD20,$645.00 
,GMD24,$669.00 
,GMD30,"$1,044.00 "
,GMD36,"$1,195.00 "
,GMD42,"$1,393.00 "
,GMD48,"$1,473.00 "
,GRA-100,$21.00 
,GRA-125,$25.00 
,GRA-150,$29.00 
,GRA-200,$37.00 
,IL-115,$616.00 
,IL-230,$616.00 
,KIT-PV100X,$287.00 
,KIT-PV100X-DV,$338.00 
,KIT-PV150X,$362.00 
,KIT-PV150X-DV,$425.00 
,KIT-PV200X-DV,$576.00 
,KIT-TD100,$197.00 
,KIT-TD100X1,$226.00 
,KIT-TD100X1F,$331.00 
,KIT-TD100X1H,$331.00 
,KIT-TD100X1L,$373.00 
,KIT-TD150,$330.00 
,KIT-TD150-DV,$390.00 
,KIT-TD150F,$596.00 
,KIT-TD150H,$596.00 
,KIT-TD150L,$684.00 
,KSFV09MH1S,"$1,481.00 "
,KSFV09MH3S,"$1,509.00 "
,KSFV09ML1S,"$1,505.00 "
,KSFV09ML3S,"$1,535.00 "
,KSFV09MM1S,"$1,478.00 "
,KSFV09MM3S,"$1,508.00 "
,KSFV09PH1S,"$1,508.00 "
,KSFV09PH3S,"$1,542.00 "
,KSFV09QH1S,"$1,586.00 "
,KSFV09QH3S,"$1,544.00 "
,KSFV09RH1S,"$1,627.00 "
,KSFV09RH3S,"$1,549.00 "
,KSFV09SH1S,"$1,659.00 "
,KSFV09SH3S,"$1,557.00 "
,KSFV10MH1S,"$1,653.00 "
,KSFV10MH3S,"$1,707.00 "
,KSFV10ML1S,"$1,665.00 "
,KSFV10ML3S,"$1,719.00 "
,KSFV10PH1S,"$1,668.00 "
,KSFV10PH3S,"$1,726.00 "
,KSFV10QH1S,"$1,745.00 "
,KSFV10QH3S,"$1,728.00 "
,KSFV10QL1S,"$1,754.00 "
,KSFV10QL3S,"$1,738.00 "
,KSFV10RH1S,"$1,784.00 "
,KSFV10RH3S,"$1,740.00 "
,KSFV10RL1S,"$1,794.00 "
,KSFV10RL3S,"$1,749.00 "
,KSFV10SH1S,"$1,827.00 "
,KSFV10SH3S,"$1,759.00 "
,KSFV10SL1S,"$1,827.00 "
,KSFV10SL3S,"$1,759.00 "
,KSFV10TH1S,"$1,947.00 "
,KSFV10TH3S,"$1,778.00 "
,KSFV10TL1S,"$1,958.00 "
,KSFV10TL3S,"$1,792.00 "
,KSFV10TM1S,"$1,955.00 "
,KSFV10TM3S,"$1,784.00 "
,KSFV10VH1S,"$2,039.00 "
,KSFV10VH3S,"$1,823.00 "
,KSFV12MH1S,"$1,760.00 "
,KSFV12MH3S,"$1,792.00 "
,KSFV12ML1S,"$1,768.00 "
,KSFV12ML3S,"$1,797.00 "
,KSFV12PH1S,"$1,791.00 "
,KSFV12PH3S,"$1,821.00 "
,KSFV12QH1S,"$1,852.00 "
,KSFV12QH3S,"$1,813.00 "
,KSFV12QL1S,"$1,872.00 "
,KSFV12QL3S,"$1,832.00 "
,KSFV12RH1S,"$1,898.00 "
,KSFV12RH3S,"$1,823.00 "
,KSFV12RL1S,"$1,906.00 "
,KSFV12RL3S,"$1,835.00 "
,KSFV12SH1S,"$1,934.00 "
,KSFV12SH3S,"$1,832.00 "
,KSFV12SL1S,"$1,944.00 "
,KSFV12SL3S,"$1,846.00 "
,KSFV12TH1S,"$2,062.00 "
,KSFV12TH3S,"$1,854.00 "
,KSFV12TL1S,"$2,087.00 "
,KSFV12TL3S,"$1,882.00 "
,KSFV12TM1S,"$2,081.00 "
,KSFV12TM3S,"$1,876.00 "
,KSFV12VH1S,"$2,150.00 "
,KSFV12VH3S,"$1,895.00 "
,KSFV12VL1S,"$2,155.00 "
,KSFV12VL3S,"$1,902.00 "
,KSFV15RH1S,"$1,976.00 "
,KSFV15RH3S,"$1,925.00 "
,KSFV15RL1S,"$1,976.00 "
,KSFV15RL3S,"$1,943.00 "
,KSFV15SH1S,"$2,035.00 "
,KSFV15SH3S,"$1,939.00 "
,KSFV15SL1S,"$2,049.00 "
,KSFV15SL3S,"$1,953.00 "
,KSFV15SM1S,"$2,043.00 "
,KSFV15SM3S,"$1,945.00 "
,KSFV15TH1S,"$2,161.00 "
,KSFV15TH3S,"$1,991.00 "
,KSFV15TL1S,"$2,161.00 "
,KSFV15TL3S,"$1,992.00 "
,KSFV15VH1S,"$2,247.00 "
,KSFV15VH3S,"$2,028.00 "
,KSFV15VL1S,"$2,247.00 "
,KSFV15VL3S,"$2,030.00 "
,KSFV18RH1S,"$2,424.00 "
,KSFV18RH3S,"$2,351.00 "
,KSFV18SH1S,"$2,452.00 "
,KSFV18SH3S,"$2,351.00 "
,KSFV18SL1S,"$2,459.00 "
,KSFV18SL3S,"$2,359.00 "
,KSFV18TH1S,"$2,579.00 "
,KSFV18TH3S,"$2,372.00 "
,KSFV18TL1S,"$2,582.00 "
,KSFV18TL3S,"$2,375.00 "
,KSFV18VH1S,"$2,674.00 "
,KSFV18VH3S,"$2,420.00 "
,KSFV18VL1S,"$2,683.00 "
,KSFV18VL3S,"$2,428.00 "
,L100E,$366.00 
,L100EL,$431.00 
,L150E,$388.00 
,L150EL,$454.00 
,L200E,$431.00 
,L200EL,$497.00 
,L250E,$454.00 
,L250EL,$519.00 
,L300E,$475.00 
,L300EL,$539.00 
,L400,"$1,146.00 "
,L400L,"$1,280.00 "
,L500,"$1,265.00 "
,L500L,"$1,388.00 "
,L700,"$1,386.00 "
,L700L,"$1,475.00 "
,LCE20MH1S,$956.00 
,LCE20MH3S,$984.00 
,LCE20PH1S,$978.00 
,LCE20PH3S,$967.00 
,LCE20QH1S,"$1,124.00 "
,LCE20QH3S,"$1,058.00 "
,LCE20RH1S,"$1,180.00 "
,LCE20RH3S,$990.00 
,LCE24MH1S,"$1,059.00 "
,LCE24MH3S,"$1,086.00 "
,LCE24PH1S,"$1,085.00 "
,LCE24PH3S,"$1,071.00 "
,LCE24QH1S,"$1,223.00 "
,LCE24QH3S,"$1,160.00 "
,LCE24RH1S,"$1,268.00 "
,LCE24RH3S,"$1,178.00 "
,LCE24SH1S,"$1,474.00 "
,LCE24SH3S,"$1,356.00 "
,LCE24TH1S,"$1,623.00 "
,LCE24TH3S,"$1,406.00 "
,LCE30MH1S,"$1,167.00 "
,LCE30MH3S,"$1,195.00 "
,LCE30PH1S,"$1,189.00 "
,LCE30PH3S,"$1,175.00 "
,LCE30QH1S,"$1,305.00 "
,LCE30QH3S,"$1,239.00 "
,LCE30RH1S,"$1,355.00 "
,LCE30RH3S,"$1,264.00 "
,LCE30SH1S,"$1,560.00 "
,LCE30SH3S,"$1,442.00 "
,LCE30TH1S,"$1,695.00 "
,LCE30TH3S,"$1,480.00 "
,LCE36PH1S,"$1,197.00 "
,LCE36PH3S,"$1,183.00 "
,LCE36QH1S,"$1,322.00 "
,LCE36QH3S,"$1,255.00 "
,LCE36RH1S,"$1,382.00 "
,LCE36RH3S,"$1,290.00 "
,LCE36SH1S,"$1,565.00 "
,LCE36SH3S,"$1,447.00 "
,LCE36TH1S,"$1,711.00 "
,LCE36TH3S,"$1,492.00 "
,LCE36VH1S,"$1,877.00 "
,LCE36VH3S,"$1,413.00 "
,LCE42PH1S,"$1,458.00 "
,LCE42PH3S,"$1,446.00 "
,LCE42QH1S,"$1,579.00 "
,LCE42QH3S,"$1,515.00 "
,LCE42RH1S,"$1,597.00 "
,LCE42RH3S,"$1,508.00 "
,LCE42SH1S,"$1,776.00 "
,LCE42SH3S,"$1,660.00 "
,LCE42TH1S,"$1,923.00 "
,LCE42TH3S,"$1,705.00 "
,LCE42VH1S,"$2,083.00 "
,LCE42VH3S,"$1,619.00 "
,LCE48QH1S,"$1,683.00 "
,LCE48QH3S,"$1,618.00 "
,LCE48RH1S,"$1,717.00 "
,LCE48RH3S,"$1,626.00 "
,LCE48SH1S,"$1,877.00 "
,LCE48SH3S,"$1,756.00 "
,LCE48TH1S,"$2,015.00 "
,LCE48TH3S,"$1,800.00 "
,LCE48VH1S,"$2,195.00 "
,LCE48VH3S,"$1,732.00 "
,LCE54RH1S,"$2,322.00 "
,LCE54RH3S,"$2,231.00 "
,LCE54SH1S,"$2,523.00 "
,LCE54SH3S,"$2,407.00 "
,LCE54TH1S,"$2,639.00 "
,LCE54TH3S,"$2,423.00 "
,LCE54VH1S,"$2,821.00 "
,LCE54VH3S,"$2,359.00 "
,LCE54WH3S,"$2,629.00 "
,LCE60SH1S,"$2,538.00 "
,LCE60SH3S,"$2,421.00 "
,LCE60TH1S,"$2,672.00 "
,LCE60TH3S,"$2,458.00 "
,LCE60VH1S,"$2,858.00 "
,LCE60VH3S,"$2,394.00 "
,LCE60WH3S,"$2,652.00 "
,LCS20MH1S,"$1,021.00 "
,LCS20MH3S,"$1,046.00 "
,LCS20PH1S,"$1,041.00 "
,LCS20PH3S,"$1,029.00 "
,LCS20QH1S,"$1,196.00 "
,LCS20QH3S,"$1,126.00 "
,LCS20RH1S,"$1,255.00 "
,LCS20RH3S,"$1,057.00 "
,LCS24MH1S,"$1,108.00 "
,LCS24MH3S,"$1,136.00 "
,LCS24PH1S,"$1,134.00 "
,LCS24PH3S,"$1,121.00 "
,LCS24QH1S,"$1,279.00 "
,LCS24QH3S,"$1,213.00 "
,LCS24RH1S,"$1,327.00 "
,LCS24RH3S,"$1,234.00 "
,LCS24SH1S,"$1,541.00 "
,LCS24SH3S,"$1,419.00 "
,LCS24TH1S,"$1,698.00 "
,LCS24TH3S,"$1,471.00 "
,LCS30MH1S,"$1,221.00 "
,LCS30MH3S,"$1,250.00 "
,LCS30PH1S,"$1,245.00 "
,LCS30PH3S,"$1,233.00 "
,LCS30QH1S,"$1,365.00 "
,LCS30QH3S,"$1,298.00 "
,LCS30RH1S,"$1,418.00 "
,LCS30RH3S,"$1,323.00 "
,LCS30SH1S,"$1,633.00 "
,LCS30SH3S,"$1,511.00 "
,LCS30TH1S,"$1,774.00 "
,LCS30TH3S,"$1,549.00 "
,LCS36PH1S,"$1,251.00 "
,LCS36PH3S,"$1,238.00 "
,LCS36QH1S,"$1,383.00 "
,LCS36QH3S,"$1,313.00 "
,LCS36RH1S,"$1,444.00 "
,LCS36RH3S,"$1,348.00 "
,LCS36SH1S,"$1,634.00 "
,LCS36SH3S,"$1,514.00 "
,LCS36TH1S,"$1,786.00 "
,LCS36TH3S,"$1,560.00 "
,LCS36VH1S,"$1,962.00 "
,LCS36VH3S,"$1,477.00 "
,LCS42PH1S,"$1,532.00 "
,LCS42PH3S,"$1,519.00 "
,LCS42QH1S,"$1,660.00 "
,LCS42QH3S,"$1,590.00 "
,LCS42RH1S,"$1,678.00 "
,LCS42RH3S,"$1,583.00 "
,LCS42SH1S,"$1,867.00 "
,LCS42SH3S,"$1,742.00 "
,LCS42TH1S,"$2,020.00 "
,LCS42TH3S,"$1,792.00 "
,LCS42VH1S,"$2,188.00 "
,LCS42VH3S,"$1,699.00 "
,LCS48QH1S,"$1,746.00 "
,LCS48QH3S,"$1,678.00 "
,LCS48RH1S,"$1,782.00 "
,LCS48RH3S,"$1,685.00 "
,LCS48SH1S,"$1,947.00 "
,LCS48SH3S,"$1,823.00 "
,LCS48TH1S,"$2,088.00 "
,LCS48TH3S,"$1,864.00 "
,LCS48VH1S,"$2,277.00 "
,LCS48VH3S,"$1,797.00 "
,LCS54RH1S,"$2,427.00 "
,LCS54RH3S,"$2,333.00 "
,LCS54SH1S,"$2,638.00 "
,LCS54SH3S,"$2,515.00 "
,LCS54TH1S,"$2,759.00 "
,LCS54TH3S,"$2,531.00 "
,LCS54VH1S,"$2,949.00 "
,LCS54VH3S,"$2,463.00 "
,LCS54WH3S,"$2,746.00 "
,LCS60SH1S,"$2,751.00 "
,LCS60SH3S,"$2,626.00 "
,LCS60TH1S,"$2,899.00 "
,LCS60TH3S,"$2,664.00 "
,LCS60VH1S,"$3,099.00 "
,LCS60VH3S,"$2,595.00 "
,LCS60WH3S,"$2,875.00 "
,LPD061AS,$505.00 
,LPD081AS,$573.00 
,LT-100,$119.00 
,M13F10X10X2,$45.00 
,M13F8X7X2,$45.00 
,M13F8X8X2,$37.00 
,M8F10X10X2,$28.00 
,M8F8X8X2,$29.00 
,MA220,$372.00 
,MBR-125,$47.00 
,MBR-150,$55.00 
,MBR-200,$67.00 
,MBR-250,$83.00 
,MBR-315,$94.00 
,MCA-100,$71.00 
,MCA-125,$81.00 
,MCA-150,$83.00 
,MCA-200,$128.00 
,MCA-250,$173.00 
,MCA-315,$200.00 
,MD10,$144.00 
,MD12,$154.00 
,MD14,$166.00 
,MD4,$106.00 
,MD4-ES24VK,$211.00 
,MD5,$107.00 
,MD5-ES24VK,$212.00 
,MD6,$109.00 
,MD6-ES24VK,$214.00 
,MD8,$120.00 
,MD8-ES24VK,$224.00 
,MFL-200,$247.00 
,MFL-250,$343.00 
,MFL-315,$381.00 
,MG1,$69.00 
,MGSQB1012,$189.00 
,MGSQB15,$189.00 
,MGSQB18,$189.00 
,MGSQB2024,$276.00 
,MGSQB78,$189.00 
,MP2781,$284.00 
,MRJ100,$65.00 
,MRJ125,$67.00 
,MRJ150,$76.00 
,MRJ200,$84.00 
,MRJ250,$87.00 
,MTR-ACL,$720.00 
,PAL-TR130,"$10,944.00 "
,PAL-TR200,"$6,976.00 "
,PAL-TR90,"$11,380.00 "
,PAL-TR90G,"$10,700.00 "
,PAL-TRe200,"$12,256.00 "
,PAL-TRe300,"$8,048.00 "
,PAL-TRe90,"$13,410.00 "
,PAL-TRe90H,"$13,410.00 "
,PAL-TRLPe110 ,"$16,580.00 "
,PAL-TRLPe110H,"$16,580.00 "
,PC110XFP,$535.00 
,PC110XP,$209.00 
,PC150XP,$255.00 
,PC3S,$31.00 
,PC50G-1,$28.00 
,PC50XP,$131.00 
,PC80XFP,$506.00 
,PC80XP,$202.00 
,PCD110XIAQS,$105.00 
,PCD110XP,$302.00 
,PCD80XH,$50 
,PCD80XHP,$165.00 
,PCDC6,$9.27 
,PCDLEDMGP,$220.00 
,PCDLMGP,$112.00 
,PCDLMGRDP,$229.00 
,PCGP,$36.00 
,PCHP,$248.00 
,PCHS,$78.00 
,PCHSP,$78.00 
,PCIAQSP,$151.00 
,PCLEDKP,$139.00 
,PCLEDKRDP,$255.00 
,PCLEDMHKP,$305.00 
,PCLKP,$103.00 
,PCLMHKP,$212.00 
,PCLMHKP,$40.00 
,PCLP100,$40.00 
,PCLP100F,$105.00 
,PCLP100XP,$129.00 
,PCLP100XPF,$323.00 
,PCLP80XP,$123.00 
,PCLP80XPF,$304.00 
,PCLPD100XHP,$173.00 
,PCLPG,$36.00 
,PCLPH,$50.00 
,PCLPHS,$16.00 
,PCLPHSP,$65.00 
,PCLPHXP,$164.00 
,PCLPLEDK,$139.00 
,PCLPR4-3,$0.00 
,PCLPSC,$16 
,PCLPSCP,$65.00 
,PCMG,$16 
,PCMGKRD,$171.00 
,PCMGKRDP,$160.00 
,PCMGP,$52.00 
,PCMHKP,$103.00 
,PCMHKRDP,$271.00 
,PCMRG,$51.00 
,PCMRGP,$51.00 
,PCMRGRDP,$169.00 
,PCRD,$119.00 
,PCSC,$78.00 
,PCSCP,$78.00 
,PCV50,$68.00 
,PCV50F,$124.00 
,PCV50H,$105.00 
,PCV80,$107.00 
,PCV80F,$248.00 
,PCV80H,$130.00 
,PCVGP,$28.00 
,PCVLEDKP,$133.00 
,PCVLEDKRDP,$237.00 
,PCVLK,$25 
,PCVRD,$101.00 
,PDR6-4,$8.00 
,PER-100W,$20.00 
,PER-150W,$31.00 
,PER-200W,$88.00 
,PER-250W,$95.00 
,PER-355W,$118.00 
,PER-450W,$147.00 
,PER-500W,$180.00 
,PF-BRKT,$10.00 
,PG-100,$25.00 
,PG-150,$30.00 
,PRF-100,$224.00 
,PRFIK-43,$98.00 
,PRFIK-44,$89.00 
,PR-M,$36.00 
,PV-100X,$266.00 
,PV-100XPS,$365.00 
,PV-125X,$269.00 
,PV-150X,$333.00 
,PV-200X,$465.00 
,PV-250X,$532.00 
,PV-315X,$723.00 
,PV-DEDPV,$576.00 
,R24V,$33.00 
,RC-10,$95.00 
,RC-4,$59.00 
,RC-6,$91.00 
,RC-8,$95.00 
,RCXII06S,$177.00 
,RCXII06SFS,$175.00 
,RCXII08S,$189.00 
,RCXII08SFS,$187.00 
,RCXII10S,$236.00 
,RCXII10SFS,$233.00 
,RCXII12S,$258.00 
,RCXII12SFS,$253.00 
,RCXII14S,$341.00 
,RCXII14SFS,$340.00 
,RCXII16S,$343.00 
,RCXII16SFS,$341.00 
,RCXII18S,$429.00 
,RCXII18SFS,$428.00 
,RCXII20S,$484.00 
,RCXII20SFS,$482.00 
,RCXII24S,$984.00 
,RCXII26S,"$1,074.00 "
,RCXII30S,"$1,151.00 "
,RCXII33S,"$1,620.00 "
,RCXII36S,"$1,714.00 "
,RD1,$224.00 
,RD3,$382.00 
,RF10-160AC,$393.00 
,RF10-160AC-ES24V,$459.00 
,RF10-160AC-P,$390.00 
,RF10-160AC-P-ES24V,$455.00 
,RF10-160EC,$659.00 
,RF10-160EC-ES24V,$800.00 
,RF10-160EC-P,$665.00 
,RF10-160EC-P-ES24V,$775.00 
,RF8-120AC,$345.00 
,RF8-120AC-ES24V,$441.00 
,RF8-120EC,$618.00 
,RF8-120EC-ES24V,$763.00 
,RFV8-120AC-ES24V,$346.00 
,S3GA12CB,$154.00 
,S3GA16CB,$182.00 
,S3GA20CB,$273.00 
,S3GA20RF,$232.00 
,S3GA24CB,$437.00 
,S3GA26CB,$437.00 
,S3GA26RF,$259.00 
,S3GA32RF,$315.00 
,S3GA34CB,$384.00 
,S3GA38RF,$427.00 
,S3GA44RF,$590.00 
,S3GA50RF,$679.00 
,S3GA56,$870.00 
,S3GA56RF,$870.00 
,S3GA62,"$1,037.00 "
,S3GA62RF,"$1,037.00 "
,SCO2-W,"$1,015.00 "
,SCR-10,$111.00 
,SCR-15,$145.00 
,SCR210,$120.00 
,SCS5,$116.00 
,SC-TRCe,$119.00 
,SDB06MH1S,$983.00 
,SDB06MH3S,"$1,133.00 "
,SDB06ML1S,$983.00 
,SDB06ML3S,"$1,133.00 "
,SDB06MM1S,$983.00 
,SDB06MM3S,"$1,133.00 "
,SDB07MH1S,$983.00 
,SDB07MH3S,"$1,140.00 "
,SDB07ML1S,$983.00 
,SDB07ML3S,"$1,133.00 "
,SDB07MM1S,$983.00 
,SDB07MM3S,"$1,133.00 "
,SDB08MH1S,$983.00 
,SDB08MH3S,"$1,133.00 "
,SDB08ML1S,$983.00 
,SDB08ML3S,"$1,133.00 "
,SDB08MM1S,$983.00 
,SDB08MM3S,"$1,133.00 "
,SDB08PH1S,$984.00 
,SDB08PH3S,"$1,134.00 "
,SDB10MH1S,"$1,134.00 "
,SDB10MH3S,"$1,201.00 "
,SDB10ML1S,"$1,134.00 "
,SDB10ML3S,"$1,201.00 "
,SDB10PH1S,"$1,158.00 "
,SDB10PH3S,"$1,207.00 "
,SDB12MH1S,"$1,213.00 "
,SDB12MH3S,"$1,284.00 "
,SDB12PH1S,"$1,232.00 "
,SDB12PH3S,"$1,286.00 "
,SDB12QH1S,"$1,222.00 "
,SDB12QH3S,"$1,321.00 "
,SDB14MH1S,"$1,214.00 "
,SDB14MH3S,"$1,322.00 "
,SDB14PH1S,"$1,233.00 "
,SDB14PH3S,"$1,280.00 "
,SDB14QH1S,"$1,259.00 "
,SDB14QH3S,"$1,322.00 "
,SDB14RH1S,"$1,379.00 "
,SDB14RH3S,"$1,324.00 "
,SDB14SH1S,"$1,419.00 "
,SDB14SH3S,"$1,373.00 "
,SDB15MH1S,"$1,229.00 "
,SDB15MH3S,"$1,354.00 "
,SDB15PH1S,"$1,258.00 "
,SDB15PH3S,"$1,362.00 "
,SDB15QH1S,"$1,291.00 "
,SDB15QH3S,"$1,361.00 "
,SDB15RH1S,"$1,423.00 "
,SDB15RH3S,"$1,366.00 "
,SDB15SH1S,"$1,461.00 "
,SDB15SH3S,"$1,418.00 "
,SDB16MH1S,"$1,329.00 "
,SDB16MH3S,"$1,452.00 "
,SDB16PH1S,"$1,358.00 "
,SDB16PH3S,"$1,459.00 "
,SDB16QH1S,"$1,388.00 "
,SDB16QH3S,"$1,455.00 "
,SDB16RH1S,"$1,562.00 "
,SDB16RH3S,"$1,459.00 "
,SDB16SH1S,"$1,616.00 "
,SDB16SH3S,"$1,510.00 "
,SDB18PH1S,"$1,584.00 "
,SDB18PH3S,"$1,683.00 "
,SDB18QH1S,"$1,617.00 "
,SDB18QH3S,"$1,683.00 "
,SDB18RH1S,"$1,612.00 "
,SDB18RH3S,"$1,695.00 "
,SDB18SH1S,"$1,848.00 "
,SDB18SH3S,"$1,706.00 "
,SDB18TH1S,"$1,984.00 "
,SDB18TH3S,"$1,744.00 "
,SDB18VH1S,"$2,058.00 "
,SDB18VH3S,"$1,769.00 "
,SDB20PH1S,"$1,672.00 "
,SDB20PH3S,"$1,741.00 "
,SDB20QH1S,"$1,750.00 "
,SDB20QH3S,"$1,741.00 "
,SDB20RH1S,"$1,848.00 "
,SDB20RH3S,"$1,750.00 "
,SDB20SH1S,"$1,934.00 "
,SDB20SH3S,"$1,762.00 "
,SDB20TH1S,"$2,071.00 "
,SDB20TH3S,"$1,800.00 "
,SDB20VH1S,"$2,144.00 "
,SDB20VH3S,"$1,825.00 "
,SDB22PH1S,"$1,797.00 "
,SDB22PH3S,"$1,869.00 "
,SDB22QH1S,"$1,879.00 "
,SDB22QH3S,"$1,869.00 "
,SDB22RH1S,"$1,920.00 "
,SDB22RH3S,"$1,879.00 "
,SDB22SH1S,"$2,065.00 "
,SDB22SH3S,"$1,890.00 "
,SDB22TH1S,"$2,208.00 "
,SDB22TH3S,"$1,929.00 "
,SDB22VH1S,"$2,283.00 "
,SDB22VH3S,"$1,955.00 "
,SDB24PH1S,"$2,321.00 "
,SDB24PH3S,"$2,324.00 "
,SDB24QH1S,"$2,372.00 "
,SDB24QH3S,"$2,295.00 "
,SDB24RH1S,"$2,336.00 "
,SDB24RH3S,"$2,336.00 "
,SDB24SH3S,"$2,319.00 "
,SDB24TH3S,"$2,350.00 "
,SDB24VH3S,"$2,378.00 "
,SDBD06CJH1AS,$548.00 
,SDBD06JH1AS,$548.00 
,SDBD07JH1AS,$579.00 
,SDBD08HM1AS,$638.00 
,SDBD08JH1AS,$588.00 
,SDBD08MH1AS,$740.00 
,SDBD10MM1AS,$782.00 
,SDBD10PH1AS,$834.00 
,SDBD12MM1AS,$968.00 
,SDBD12QH1AS,"$1,067.00 "
,SDBD14MM1AS,$972.00 
,SDBD15QM1AS,"$1,206.00 "
,SDBD16QM1AS,"$1,257.00 "
,SDL10X4,$100.00 
,SDL12X12,$166.00 
,SDL16X16,$188.00 
,SDL16X8,$157.00 
,SDL20X10,$174.00 
,SDL20X20,$244.00 
,SDL24X12,$205.00 
,SDL24X24,$315.00 
,SFM,$131.00 
,SHW-20,$59.00 
,SIL-200,$310.00 
,SIL-250,$354.00 
,SIL-315,$501.00 
,SMC-C,$357.00 
,SMC-W,$464.00 
,SPBL,$50.00 
,SPBT,$69.00 
,SPT-100X,$131.00 
,SPTL,$104.00 
,SQB07MH1S,"$1,649.00 "
,SQB07MH3S,"$1,710.00 "
,SQB07ML1S,"$1,649.00 "
,SQB07ML3S,"$1,710.00 "
,SQB07PH1S,"$1,674.00 "
,SQB07PH3S,"$1,710.00 "
,SQB08MH1S,"$1,627.00 "
,SQB08MH3S,"$1,691.00 "
,SQB08ML1S,"$1,627.00 "
,SQB08ML3S,"$1,691.00 "
,SQB08PH1S,"$1,657.00 "
,SQB08PH3S,"$1,820.00 "
,SQB08QH1S,"$1,746.00 "
,SQB08QH3S,"$1,823.00 "
,SQB10MH1S,"$1,618.00 "
,SQB10MH3S,"$1,765.00 "
,SQB10PH1S,"$1,642.00 "
,SQB10PH3S,"$1,793.00 "
,SQB10QH1S,"$1,733.00 "
,SQB10QH3S,"$1,800.00 "
,SQB10RH1S,"$1,816.00 "
,SQB10RH3S,"$1,823.00 "
,SQB12MH1S,"$1,815.00 "
,SQB12MH3S,"$1,986.00 "
,SQB12PH1S,"$1,853.00 "
,SQB12PH3S,"$2,016.00 "
,SQB12QH1S,"$1,928.00 "
,SQB12QH3S,"$2,025.00 "
,SQB12RH1S,"$2,016.00 "
,SQB12RH3S,"$2,039.00 "
,SQB12SH1S,"$2,049.00 "
,SQB12SH3S,"$2,051.00 "
,SQB15MH1S,"$2,001.00 "
,SQB15MH3S,"$2,161.00 "
,SQB15PH1S,"$2,034.00 "
,SQB15PH3S,"$2,198.00 "
,SQB15QH1S,"$2,103.00 "
,SQB15QH3S,"$2,049.00 "
,SQB15RH1S,"$2,183.00 "
,SQB15RH3S,"$2,072.00 "
,SQB15SH1S,"$2,356.00 "
,SQB15SH3S,"$2,079.00 "
,SQB15TH1S,"$2,361.00 "
,SQB15TH3S,"$2,262.00 "
,SQB18PH1S,"$2,324.00 "
,SQB18PH3S,"$2,471.00 "
,SQB18QH1S,"$2,344.00 "
,SQB18QH3S,"$2,316.00 "
,SQB18RH1S,"$2,436.00 "
,SQB18RH3S,"$2,332.00 "
,SQB18SH1S,"$2,470.00 "
,SQB18SH3S,"$2,510.00 "
,SQB18TH1S,"$2,476.00 "
,SQB18TH3S,"$2,519.00 "
,SQB18VH1S,"$2,941.00 "
,SQB18VH3S,"$2,568.00 "
,SQB20PH1S,"$2,597.00 "
,SQB20PH3S,"$2,661.00 "
,SQB20QH1S,"$2,654.00 "
,SQB20QH3S,"$2,658.00 "
,SQB20RH1S,"$2,740.00 "
,SQB20RH3S,"$2,674.00 "
,SQB20SH1S,"$2,794.00 "
,SQB20SH3S,"$2,829.00 "
,SQB20TH1S,"$3,135.00 "
,SQB20TH3S,"$2,866.00 "
,SQB20VH1S,"$3,295.00 "
,SQB20VH3S,"$2,926.00 "
,SQB24QH1S,"$3,392.00 "
,SQB24QH3S,"$3,334.00 "
,SQB24RH1S,"$3,461.00 "
,SQB24RH3S,"$3,348.00 "
,SQB24SH1S,"$3,461.00 "
,SQB24SH3S,"$3,354.00 "
,SQB24TH1S,"$3,826.00 "
,SQB24TH3S,"$3,589.00 "
,SQB24VH1S,"$3,990.00 "
,SQB24VH3S,"$3,636.00 "
,SQB24WH3S,"$4,207.00 "
,SQD10251AS,"$1,203.00 "
,SQD10251CS,"$1,185.00 "
,SQD10501AS,"$1,202.00 "
,SQD10501CS,"$1,184.00 "
,SQD12251AS,"$1,433.00 "
,SQD12251CS,"$1,407.00 "
,SQD12501AS,"$1,461.00 "
,SQD12501CS,"$1,434.00 "
,SQD15501AS,"$1,657.00 "
,SQD15501CS,"$1,630.00 "
,SQD601AS,$688.00 
,SQD8251AS,"$1,119.00 "
,SQD8251CS,"$1,102.00 "
,SR10-8,$29.00 
,SR315-12,$37.00 
,SR5-4,$22.00 
,SR5-4M,$22.00 
,SR6-4,$24.00 
,SR8-6,$24.00 
,SRT-30,$68.00 
,STC7D-W,$307.00 
,STXB08RHULMH1S,"$1,308.00 "
,STXB08RHULMH3S,"$1,461.00 "
,STXB08RHULML1S,"$1,308.00 "
,STXB08RHULML3S,"$1,461.00 "
,STXB08RHULMM1S,"$1,308.00 "
,STXB08RHULMM3S,"$1,461.00 "
,STXB08RHULPH1S,"$1,333.00 "
,STXB08RHULPH3S,"$1,489.00 "
,STXB10RHULMH1S,"$1,337.00 "
,STXB10RHULMH3S,"$1,351.00 "
,STXB10RHULPH1S,"$1,364.00 "
,STXB10RHULPH3S,"$1,419.00 "
,STXB12RHULMH1S,"$1,341.00 "
,STXB12RHULMH3S,"$1,423.00 "
,STXB12RHULPH1S,"$1,371.00 "
,STXB12RHULPH3S,"$1,423.00 "
,STXB12RHULQH1S,"$1,433.00 "
,STXB12RHULQH3S,"$1,527.00 "
,STXB14RHULMH1S,"$1,494.00 "
,STXB14RHULMH3S,"$1,579.00 "
,STXB14RHULPH1S,"$1,522.00 "
,STXB14RHULPH3S,"$1,579.00 "
,STXB14RHULQH1S,"$1,588.00 "
,STXB14RHULQH3S,"$1,684.00 "
,STXB14RHULRH1S,"$1,519.00 "
,STXB14RHULRH3S,"$1,602.00 "
,STXB14RHULSH1S,"$1,546.00 "
,STXB14RHULSH3S,"$1,602.00 "
,STXB15RHULMH1S,"$1,561.00 "
,STXB15RHULMH3S,"$1,638.00 "
,STXB15RHULPH1S,"$1,556.00 "
,STXB15RHULPH3S,"$1,603.00 "
,STXB15RHULQH1S,"$1,618.00 "
,STXB15RHULQH3S,"$1,652.00 "
,STXB15RHULRH1S,"$1,821.00 "
,STXB15RHULRH3S,"$1,708.00 "
,STXB15RHULSH1S,"$1,821.00 "
,STXB15RHULSH3S,"$1,719.00 "
,STXB16RHULMH1S,"$1,652.00 "
,STXB16RHULMH3S,"$1,734.00 "
,STXB16RHULPH1S,"$1,797.00 "
,STXB16RHULPH3S,"$1,868.00 "
,STXB16RHULQH1S,"$1,813.00 "
,STXB16RHULQH3S,"$1,889.00 "
,STXB16RHULRH1S,"$1,959.00 "
,STXB16RHULRH3S,"$1,938.00 "
,STXB16RHULSH1S,"$2,022.00 "
,STXB16RHULSH3S,"$2,031.00 "
,STXB18RHULPH1S,"$1,974.00 "
,STXB18RHULPH3S,"$2,008.00 "
,STXB18RHULQH1S,"$2,012.00 "
,STXB18RHULQH3S,"$2,046.00 "
,STXB18RHULRH1S,"$2,169.00 "
,STXB18RHULRH3S,"$2,104.00 "
,STXB18RHULSH1S,"$2,225.00 "
,STXB18RHULSH3S,"$2,118.00 "
,STXB18RHULTH1S,"$2,336.00 "
,STXB18RHULTH3S,"$2,153.00 "
,STXB18RHULVH1S,"$2,382.00 "
,STXB18RHULVH3S,"$2,198.00 "
,STXB20RHULPH1S,"$2,261.00 "
,STXB20RHULPH3S,"$2,233.00 "
,STXB20RHULQH1S,"$2,306.00 "
,STXB20RHULQH3S,"$2,280.00 "
,STXB20RHULRH1S,"$2,472.00 "
,STXB20RHULRH3S,"$2,286.00 "
,STXB20RHULSH1S,"$2,566.00 "
,STXB20RHULSH3S,"$2,402.00 "
,STXB20RHULTH1S,"$2,655.00 "
,STXB20RHULTH3S,"$2,452.00 "
,STXB20RHULVH1S,"$2,710.00 "
,STXB20RHULVH3S,"$2,501.00 "
,STXB22RHULPH1S,"$2,332.00 "
,STXB22RHULPH3S,"$2,298.00 "
,STXB22RHULQH1S,"$2,376.00 "
,STXB22RHULQH3S,"$2,346.00 "
,STXB22RHULRH1S,"$2,546.00 "
,STXB22RHULRH3S,"$2,356.00 "
,STXB22RHULSH1S,"$2,641.00 "
,STXB22RHULSH3S,"$2,474.00 "
,STXB22RHULTH1S,"$2,734.00 "
,STXB22RHULTH3S,"$2,525.00 "
,STXB22RHULVH1S,"$2,790.00 "
,STXB22RHULVH3S,"$2,578.00 "
,STXB24RHULPH1S,"$2,712.00 "
,STXB24RHULPH3S,"$2,764.00 "
,STXB24RHULQH1S,"$2,777.00 "
,STXB24RHULQH3S,"$2,810.00 "
,STXB24RHULRH1S,"$2,931.00 "
,STXB24RHULRH3S,"$2,867.00 "
,STXB24RHULSH1S,"$2,981.00 "
,STXB24RHULSH3S,"$2,859.00 "
,STXB24RHULTH3S,"$2,913.00 "
,STXB24RHULVH3S,"$2,926.00 "
,STXD06CJH1AS,$821.00 
,STXD06JH1AS,$848.00 
,STXD07JH1AS,$857.00 
,STXD08HM1AS,$980.00 
,STXD08MH1AS,"$1,070.00 "
,STXD10RHULMM1AS,"$1,292.00 "
,STXD10RHULPH1AS,"$1,342.00 "
,STXD12RHULMM1AS,"$1,399.00 "
,STXD12RHULQH1AS,"$1,459.00 "
,STXD14RHULMM1AS,"$1,364.00 "
,STXD15RHULQM1AS,"$1,565.00 "
,STXD16RHULQM1AS,"$1,639.00 "
,SWF-100,$326.00 
,SWF-100X,$345.00 
,SWF-150,$357.00 
,SWF-150X,$476.00 
,SWF-200,$542.00 
,SY-4,$31.00 
,SY-6,$33.00 
,SY66-8,$42.00 
,SY-8,$41.00 
,SY88-10,$47.00 
,TD-100,$156.00 
,TD-100X1,$187.00 
,TD-125,$210.00 
,TD-125XS,$363.00 
,TD-150,$272.00 
,TD-150S,$425.00 
,TD-200,$347.00 
,TD-200S,$532.00 
,TD-250,$628.00 
,TD-315,$746.00 
,TD-355,"$1,265.00 "
,TD-400,"$2,057.00 "
,TR130,"$1,500.00 "
,TR200,"$1,946.00 "
,TR90,"$1,274.00 "
,TR90G,"$1,205.00 "
,TRC1200-115,"$11,845.00 "
,TRC1200-230,"$11,845.00 "
,TRC1200-230-3P,"$11,845.00 "
,TRC1200-460-3P,"$11,845.00 "
,TRC1200RTH-230-3P,"$15,110.00 "
,TRC1200RTV-230-3P,"$15,110.00 "
,TRC1600-115,"$15,926.00 "
,TRC1600-230,"$15,926.00 "
,TRC1600-230-3P,"$15,926.00 "
,TRC1600-460-3P,"$15,926.00 "
,TRC1600RTH-230-1P,"$19,713.00 "
,TRC1600RTH-230-3P,"$19,713.00 "
,TRC1600RTV-230-1P,"$19,713.00 "
,TRC1600RTV-230-3P,"$19,713.00 "
,TRCe1200-115,"$14,355.00 "
,TRCe1200-230,"$14,355.00 "
,TRCe1200RTH-230-1P,"$17,616.00 "
,TRCe1200RTV-230-1P,"$17,616.00 "
,TRCeN,$272.00 
,TRCeN500-230,"$5,397 "
,SPBACNETFC-W,$484.00 
,TRCeN500RTH-230-1P,"$7,879.00 "
,TRCeN500RTV-230-1P,"$7,879.00 "
,TRCeN500V-230,"$5,397 "
,TRCeN800-230,"$7,879 "
,TRCeN800RTH-230-1P,"$11,712.00 "
,TRCeN800RTV-230-1P,"$11,712.00 "
,TRCeN800V-230,"$7,879 "
,TRe200,"$1,805.00 "
,TRe300,"$2,192.00 "
,TRe90,"$1,490.00 "
,TRe90H,"$1,490.00 "
,TRLPe110 ,"$1,806.00 "
,TRLPe110H,"$1,806.00 "
,V102,$63.00 
,V104,$175.00 
,VB-106,$23.00 
,VFRSQ06-15,$260.00 
,VFRSQ18-20,$328.00 
,VFRSQ24-30,$328.00 
,VFSSQ06-20,$772.00 
,VFSSQ24-30,$772.00 
,VHRSQ06-15,$372.00 
,VHRSQ18-20,$418.00 
,VHRSQ24-30,$418.00 
,VHSSQ06-20,$439.00 
,VHSSQ24,$439.00 
,VLED-100,$191.00 
,VLF-100,$148.00 
,VLH-100,$148.00 
,VT8,$95.00 
,VW106,$28.00 
,VW12X12-G,$200.00 
,VW12X8,$182.00 
,WHPGED1012,$483.00 
,WHPGED1012M,$866.00 
,WHPGED1416,$536.00 
,WHPGED1416M,$918.00 
,WHPGED1820,$602.00 
,WHPGED1820M,$982.00 
,WHPLCE20,$605.00 
,WHPLCE20M,"$1,038.00 "
,WHPLCE24,$742.00 
,WHPLCE24M,"$1,170.00 "
,WHPLCE30,$798.00 
,WHPLCE30M,"$1,229.00 "
,WHPLCE36,"$1,073.00 "
,WHPLCE36M,"$1,641.00 "
,WHPLCE42,"$1,319.00 "
,WHPLCE42M,"$1,888.00 "
,WHPLCE48,"$1,371.00 "
,WHPLCE48M,"$1,934.00 "
,WHPLCE54,"$2,074.00 "
,WHPLCE54M,"$2,641.00 "
,WHPLCE60,"$2,262.00 "
,WHPLCE60M,"$2,830.00 "
,WHPLCS20,$583.00 
,WHPLCS20M,"$1,012.00 "
,WHPLCS24,$661.00 
,WHPLCS24M,"$1,090.00 "
,WHPLCS30,$762.00 
,WHPLCS30M,"$1,188.00 "
,WHPLCS36,$962.00 
,WHPLCS36M,"$1,530.00 "
,WHPLCS42,"$1,203.00 "
,WHPLCS42M,"$1,767.00 "
,WHPLCS48,"$1,371.00 "
,WHPLCS48M,"$1,934.00 "
,WHPLCS54,"$2,074.00 "
,WHPLCS54M,"$2,641.00 "
,WHPLCS60,"$2,262.00 "
,WHPLCS60M,"$2,830.00 "
